{
  "prompt-sample.py": 1775281781.0485516,
  "tests/test_chunker.py": 1775534220.8301573,
  "tests/test_router.py": 1775534251.7668877,
  "tests/__init__.py": 1775534209.5666037,
  "tests/test_extractor.py": 1775534239.2878175,
  "tests/test_embedder.py": 1775534229.0270412,
  "bookrag/worker.py": 1775534206.8084388,
  "bookrag/config.py": 1775543696.1357548,
  "bookrag/__init__.py": 1775533795.001561,
  "bookrag/ingestion/worker.py": 1775543971.345047,
  "bookrag/ingestion/chunker.py": 1775533937.1871123,
  "bookrag/ingestion/__init__.py": 1775533881.0867462,
  "bookrag/ingestion/extractor.py": 1775533910.8678005,
  "bookrag/ingestion/embedder.py": 1775533949.3584268,
  "bookrag/quality/__init__.py": 1775534116.8190904,
  "bookrag/quality/grounding.py": 1775543952.6135461,
  "bookrag/agent/memory.py": 1775534071.9036014,
  "bookrag/agent/__init__.py": 1775534063.3970187,
  "bookrag/agent/generator.py": 1775543946.8270154,
  "bookrag/agent/loop.py": 1775534114.26361,
  "bookrag/cli/__init__.py": 1775534134.3705583,
  "bookrag/cli/main.py": 1775543976.1549666,
  "bookrag/retrieval/reranker.py": 1775534060.508009,
  "bookrag/retrieval/rewriter.py": 1775543949.512379,
  "bookrag/retrieval/searcher.py": 1775534048.850661,
  "bookrag/retrieval/__init__.py": 1775534004.4433007,
  "bookrag/retrieval/router.py": 1775534014.9556897,
  "bookrag/db/models.py": 1775543427.2053776,
  "bookrag/db/session.py": 1775533836.2086103,
  "bookrag/db/__init__.py": 1775533793.9619305,
  "alembic/env.py": 1775533845.2305624,
  "alembic/versions/001_initial_schema.py": 1775533872.3716443,
  "README.md": 1775534644.1428242,
  "SKILLS.md": 1775544056.9059143,
  "RULES.md": 1775544008.953587
}